op,v1,v2,v3
0,8.0,0.0,0
2,-58.465286236297196,96.46772228989038,80
2,-96.46772228989038,40.925700365408034,80
2,-152.00974421437272,100.12180267965894,80
2,-190.01218026796587,48.9646772228989,80
2,-241.16930572472594,101.58343483556638,80
2,-103.0450669914738,98.66017052375152,80
3,0.0,0.0,80
4,0.0,0.0,0
