op,v1,v2,v3
0,5.0,0.0,0
2,71.61997563946406,75.27405602923264,3
4,0.0,0.0,0
