op,v1,v2,v3
0,5.0,0.0,0
2,0.730816077953715,50.42630937880633,60
2,-51.88794153471376,50.42630937880633,60
3,0.0,0.0,60
4,0.0,0.0,0
