op,v1,v2,v3
0,6.0,0.0,0
2,-46.041412911084045,99.39098660170524,60
2,-201.70523751522532,103.0450669914738,60
2,-154.93300852618756,53.34957369062119,60
2,-119.12302070645553,103.77588306942752,60
3,0.0,0.0,60
4,0.0,0.0,0
