op,v1,v2,v3
0,6.0,0.0,0
2,-53.34957369062119,122.77710109622411,60
8,-131.5468940316687,59.92691839220463,60
8,-210.47503045066992,127.1619975639464,60
2,-127.1619975639464,120.58465286236297,60
3,0.0,0.0,60
4,0.0,0.0,0
