op,v1,v2,v3
0,5.0,0.0,0
2,-55.542021924482334,51.88794153471376,60
2,-104.50669914738124,105.23751522533496,80
2,-195.1278928136419,105.23751522533496,50
2,-106.69914738124238,86.23629719853837,50
3,0.0,0.0,50
4,0.0,0.0,0
